video_id,title,channel,views,likes,comments,published_at,description,thumbnail_url,duration,channel_id
LNnOVLHAoYQ,Salambala - Song Promo | Madharaasi | Sivakarthikeyan | A.R.Murugadoss | Anirudh Ravichander,Junglee Music Tamil,3989010,153634,2634,2025-07-29T12:18:44Z,"Here is a fun filled promo for the #Salambala first single of #Madharaasi Written and Directed by A.R.Murugadoss , Starring Sivakarthikeyan, Music Composed by Anirudh Ravichander.

Movie Name : Madhar...",https://i.ytimg.com/vi/LNnOVLHAoYQ/mqdefault.jpg,PT4M12S,UCXS0LXj5BO9CS8uVBFPBvrg
C3SNSiCIfwM,"COOLIE Review - Rajinikanth, Amir Khan, Nagarjuna, Soubin Shahir, Upendra - Tamil Talkies",Tamil Talkies,1797229,52621,8667,2025-08-14T22:41:41Z,"Lifts for your Offices & Homes - Call 916 44 666 99
Asian Lifts - https://www.asianlifts.com/

European Safety Standards - Available in Easy EMIs",https://i.ytimg.com/vi/C3SNSiCIfwM/mqdefault.jpg,PT7M29S,UCkI-SYGC8fxPNcp6FsX4SRQ
KDJFHZi2A4w,Coolie Public Review | Coolie Review Tamil Rajinikanth Coolie Movie Review tamil cinema Lokesh,Bingoo Box,597875,8594,901,2025-08-14T03:35:44Z,#Coolie #CoolieReview #CoolieMovieReview #CooliePublicReview #Rajinikanth #LokeshKanagaraj #CoolieReviewTamil #CoolieFDFS #RajinikanthCoolieReview #CooliePublicTalk #CooliePublicOpinion  #AamirKhan #N...,https://i.ytimg.com/vi/KDJFHZi2A4w/mqdefault.jpg,PT15M38S,UCtuuSv_4r6op5RHDs9HzsqA
MkNzC8xKXIk,"WAR 2 Review - Junior NTR, Hrithik Roshan, Kiara - Tamil Talkies",Tamil Talkies,380276,8478,891,2025-08-14T23:22:58Z,Detailed Video in Pinned Comment,https://i.ytimg.com/vi/MkNzC8xKXIk/mqdefault.jpg,PT5M7S,UCkI-SYGC8fxPNcp6FsX4SRQ
rRtPAHBi0vo,Coolie Public Review | Rajinikanth Coolie Review | Lokesh Kanagaraj Coolie Movie Review Cinema Tamil,Bingoo Box,352531,3955,632,2025-08-14T12:45:09Z,#Coolie #CoolieReview #CoolieMovieReview #CooliePublicReview #Rajinikanth #LokeshKanagaraj #CoolieReviewTamil #CoolieFDFS #RajinikanthCoolieReview #CooliePublicTalk #CooliePublicOpinion  #AamirKhan #N...,https://i.ytimg.com/vi/rRtPAHBi0vo/mqdefault.jpg,PT9M24S,UCtuuSv_4r6op5RHDs9HzsqA
TnhorwP9tcs,COOLIE - Official Trailer | SuperStar Rajinikanth | Lokesh Kanagaraj | Anirudh  #rajini   #coolie,TwoWay Productions Official,293101,2688,47,2025-08-01T14:15:03Z,"COOLIE - Official Trailer | Supe Star Rajinikanth | LokeshKanagaraj |Anirudh  #rajinikanth  #coolie 

üé¨ Coolie - Official Tamil Movie Trailer | Starring Rajinikanth | Directed by Lokesh Kanagaraj

Sup...",https://i.ytimg.com/vi/TnhorwP9tcs/mqdefault.jpg,PT4M7S,UC1uR7Uaeo3OAJpL95SNhkaA
GCZfIKLRZkE,COOLIE - Official 2nd Trailer | SuperStar Rajinikanth | Lokesh Kanagaraj | Anirudh #coolie #rajini,TwoWay Productions Official,289588,2401,62,2025-08-11T13:00:35Z,"COOLIE - Concept 2nd Trailer | SuperStar Rajinikanth | Lokesh Kanagaraj | Anirudh #coolie #rajini 

üî• COOLIE Trailer No.2 | Tamil Movie | Superstar Rajinikanth | Blockbuster Action Drama üî•

This is Co...",https://i.ytimg.com/vi/GCZfIKLRZkE/mqdefault.jpg,PT5M22S,UC1uR7Uaeo3OAJpL95SNhkaA
H1yJISA-HDA,"Ramana‡Æï‡Øç‡Æï‡ØÅ Inspiration ! AR Murugadoss, Ramya Krishnan Speech Captain Prabhakaran Audio Launch",Thi Cinemas,67187,1204,35,2025-08-08T16:08:01Z,"Ramana‡Æï‡Øç‡Æï‡ØÅ Inspiration ! AR Murugadoss, Ramya Krishnan Speech Captain Prabhakaran Audio Launch 

AR Murugadoss Captain Prabhakaran audio launch.
AR Murugadoss speech Captain Prabhakaran trailer launch...",https://i.ytimg.com/vi/H1yJISA-HDA/mqdefault.jpg,PT8M5S,UCrn698AOJJ69zWN9Z_kTAKQ
jDQ1RSEBo5s,TOP 10 TAMIL TRAILERS RANKED | Vaai Savadaal,Vaai Savadaal,55057,4756,545,2025-08-10T07:39:32Z,"Join Channel: https://bit.ly/JoinVaaisavadaal
Join Vaai Savadaal Members for EXCLUSIVE Film analysis videosüåù

Do Follow Our INSTAGRAM for more updates: 
https://bit.ly/cine_fellas_ 
(cine_fellas_)

Sh...",https://i.ytimg.com/vi/jDQ1RSEBo5s/mqdefault.jpg,PT10M47S,UCU0U7reTj3KykVTxALcEg9Q
-NcvKvE33vM,Coolie Public Review | Coolie Review | Coolie Movie Review | Tamil Movie Review | Rajinikanth | Loki,GS CINEMA DAY,47199,585,22,2025-08-13T14:16:17Z,"Coolie Public Review | Coolie Review | Coolie Movie Review  |Tamil Movie Review | Rajinvijaysethupathi


#Cooliereview #CoolieMoviereview #Cooliereviewtamil #CooliePublicreview #CoolieMoviereviewtamil...",https://i.ytimg.com/vi/-NcvKvE33vM/mqdefault.jpg,PT4M7S,UCIjj33uejCdKPYGdD0eOy5g
